{
    "CIFAR10-ccap0.005": {
        "LATENCY_THRESHOLDS": [
            248.48058414935332,
            419.396478810978
        ],
        "IMO_THRESHOLDS": [
            29.94382570620987
        ],
        "TS_PERC_RANGES": [
            25,
            75
        ],
        "IMO_PERC_RANGES": [
            2
        ],
        "IMO_PERC_THRESHOLD_DICT": {
            "2": 29.94382570620987
        },
        "LAT_PERC_THRESHOLD_DICT": {
            "25": 248.48058414935332,
            "75": 419.396478810978
        }
    },
    "CIFAR10-ccap0.00047": {
        "LATENCY_THRESHOLDS": [
            257.6389944026806,
            433.01572343144795
        ],
        "IMO_THRESHOLDS": [
            35.042008065774
        ],
        "TS_PERC_RANGES": [
            25,
            75
        ],
        "IMO_PERC_RANGES": [
            2
        ],
        "IMO_PERC_THRESHOLD_DICT": {
            "2": 35.042008065774
        },
        "LAT_PERC_THRESHOLD_DICT": {
            "25": 257.6389944026806,
            "75": 433.01572343144795
        }
    },
    "CIFAR10-ccap0.0001": {
        "LATENCY_THRESHOLDS": [
            414.3311847126409,
            729.8384286223587
        ],
        "IMO_THRESHOLDS": [
            64.73505927494118
        ],
        "TS_PERC_RANGES": [
            25,
            75
        ],
        "IMO_PERC_RANGES": [
            2
        ],
        "IMO_PERC_THRESHOLD_DICT": {
            "2": 64.73505927494118
        },
        "LAT_PERC_THRESHOLD_DICT": {
            "25": 414.3311847126409,
            "75": 729.8384286223587
        }
    },
    "HAR-ccap0.005": {
        "LATENCY_THRESHOLDS": [
            18.53157244307734,
            33.78383099809874
        ],
        "IMO_THRESHOLDS": [
            57.330044787415446,
            51.048509299907224
        ],
        "TS_PERC_RANGES": [
            25,
            75
        ],
        "IMO_PERC_RANGES": [
            46,
            4
        ],
        "IMO_PERC_THRESHOLD_DICT": {
            "46": 57.330044787415446,
            "4": 51.048509299907224
        },
        "LAT_PERC_THRESHOLD_DICT": {
            "25": 18.53157244307734,
            "75": 33.78383099809874
        }
    },
    "MSWC-ccap0.005": {
        "LATENCY_THRESHOLDS": [
            2326.3943593950657,
            6398.202403617421
        ],
        "IMO_THRESHOLDS": [
            35.819237399704534,
            29.02610640588864
        ],
        "TS_PERC_RANGES": [
            25,
            75
        ],
        "IMO_PERC_RANGES": [
            20,
            4
        ],
        "IMO_PERC_THRESHOLD_DICT": {
            "20": 35.819237399704534,
            "4": 29.02610640588864
        },
        "LAT_PERC_THRESHOLD_DICT": {
            "25": 2326.3943593950657,
            "75": 6398.202403617421
        }
    }
}